{
	"info": {
		"_postman_id": "983652f8-24cc-48a1-986f-1764f8c5a8de",
		"name": "rest-api",
		"schema": "https://schema.getpostman.com/json/collection/v2.1.0/collection.json"
	},
	"item": [
		{
			"name": "User",
			"item": [
				{
					"name": "Login",
					"request": {
						"method": "POST",
						"header": [
							{
								"key": "Content-Type",
								"value": "application/json",
								"type": "text"
							}
						],
						"body": {
							"mode": "raw",
							"raw": "{\n\t\"username\": \"quanpham\",\n\t\"password\": \"123123\"\n}"
						},
						"url": {
							"raw": "{{url}}/auth/login",
							"host": [
								"{{url}}"
							],
							"path": [
								"auth",
								"login"
							]
						},
						"description": "Login"
					},
					"response": []
				},
				{
					"name": "Create User",
					"request": {
						"method": "POST",
						"header": [
							{
								"key": "Content-Type",
								"value": "application/json",
								"type": "text"
							}
						],
						"body": {
							"mode": "raw",
							"raw": "{\n\t\"username\": \"quanpham\",\n\t\"password\": \"123123\"\n}"
						},
						"url": {
							"raw": "{{url}}/user",
							"host": [
								"{{url}}"
							],
							"path": [
								"user"
							]
						},
						"description": "Create a user"
					},
					"response": []
				}
			]
		},
		{
			"name": "Todo",
			"item": [
				{
					"name": "Create todo",
					"request": {
						"method": "POST",
						"header": [
							{
								"key": "Authorization",
								"value": "{{jwt}}",
								"type": "text"
							},
							{
								"key": "Content-Type",
								"value": "application/json",
								"type": "text"
							}
						],
						"body": {
							"mode": "raw",
							"raw": "{\n\t\"title\": \"learning golang\"\n}"
						},
						"url": {
							"raw": "{{url}}/todo",
							"host": [
								"{{url}}"
							],
							"path": [
								"todo"
							]
						},
						"description": "Create todo"
					},
					"response": []
				},
				{
					"name": "List todo",
					"request": {
						"method": "POST",
						"header": [
							{
								"key": "Authorization",
								"value": "{{jwt}}",
								"type": "text"
							},
							{
								"key": "Content-Type",
								"value": "application/json",
								"type": "text"
							}
						],
						"body": {
							"mode": "raw",
							"raw": "{\n\t\"limit\": 10,\n\t\"offset\": 0\n}"
						},
						"url": {
							"raw": "{{url}}/todo/list",
							"host": [
								"{{url}}"
							],
							"path": [
								"todo",
								"list"
							]
						},
						"description": "Get all to do of a user"
					},
					"response": []
				},
				{
					"name": "Delete todo",
					"request": {
						"method": "DELETE",
						"header": [
							{
								"key": "Authorization",
								"value": "{{jwt}}",
								"type": "text"
							},
							{
								"key": "Content-Type",
								"value": "application/json",
								"type": "text"
							}
						],
						"body": {
							"mode": "raw",
							"raw": ""
						},
						"url": {
							"raw": "{{url}}/todo/1",
							"host": [
								"{{url}}"
							],
							"path": [
								"todo",
								"1"
							]
						},
						"description": "Delete a todo"
					},
					"response": []
				},
				{
					"name": "Update todo",
					"request": {
						"method": "PUT",
						"header": [
							{
								"key": "Authorization",
								"value": "{{jwt}}",
								"type": "text"
							},
							{
								"key": "Content-Type",
								"value": "application/json",
								"type": "text"
							}
						],
						"body": {
							"mode": "raw",
							"raw": "{\n\t\"title\": \"build rest api todo list demo\",\n\t\"status\": 0\n}"
						},
						"url": {
							"raw": "{{url}}/todo/1",
							"host": [
								"{{url}}"
							],
							"path": [
								"todo",
								"1"
							]
						},
						"description": "Update todo"
					},
					"response": []
				}
			]
		}
	]
}