{
	"id": "bd4247fa-dd6e-4d3b-9c92-58c7a2676b15",
	"name": "rest-api",
	"values": [
		{
			"key": "url",
			"value": "http://localhost:3001/api/v1",
			"description": "",
			"enabled": true
		},
		{
			"key": "jwt",
			"value": "eyJhbGciOiJIUzI1NiIsInR5cCI6IkpXVCJ9.eyJleHAiOjE1NTc5MjExNDQsImlhdCI6MTU1NzkxNzU0NCwiaWQiOjIsIm5iZiI6MTU1NzkxNzU0NCwidXNlcm5hbWUiOiJxdWFucGhhbSJ9.D3IGAGLt4nHDa_voK6W_gJoLyDBUMqbXhpNmu2Bzzso",
			"description": "",
			"enabled": true
		}
	],
	"_postman_variable_scope": "environment",
	"_postman_exported_at": "2019-05-15T10:54:54.351Z",
	"_postman_exported_using": "Postman/6.7.4"
}